{
  "total_seconds": 26698.61971570746,
  "total_records": 1502,
  "total_words": 69880,
  "total_characters": 367142,
  "last_used": "2025-12-29T11:50:39.413336",
  "imported_from_whispertyping": true
}